{"web":{"client_id":"191858909388-h47aj66v9mqi0mp1r95hb9g3ogpt77dk.apps.googleusercontent.com","project_id":"restraunt-menu-app-198506","auth_uri":"https://accounts.google.com/o/oauth2/auth","token_uri":"https://accounts.google.com/o/oauth2/token","auth_provider_x509_cert_url":"https://www.googleapis.com/oauth2/v1/certs","client_secret":"dGj8WJTHqWnS23AiL1SPmoZ5","redirect_uris":["http://localhost:4000/login","http://localhost:4000/gconnect","http://localhost:4000/gdisconnect"],"javascript_origins":["http://localhost:4000"]}}